-- ------------------------------------------------------ ROLES,USUARIOS,CUENTAS

INSERT INTO rol (nombre) VALUES	('ROLE_ADMINISTRADOR'),('ROLE_VENDEDOR');

INSERT INTO usuario (ci, apellidos, nombres, telefono) VALUES ('0123456789', 'Online', 'Tienda', '');
INSERT INTO usuario (ci, apellidos, nombres, telefono) VALUES ('0604536128', 'Bonilla', 'Jhonnatan', '0992016416');
INSERT INTO usuario (ci, apellidos, nombres, telefono) VALUES ('1723117691', 'Barahona', 'Ivonne', '0996685513');
INSERT INTO usuario (ci, apellidos, nombres, telefono) VALUES ('1750262717', 'Carrión', 'Gloria', '0991486609');

INSERT INTO cuenta (contrasena, email, fecha_creacion, ci, enabled) VALUES	('$2a$10$.74HLgFMY1QrH6uBm3x0nOoOrRhVOqR5FdFjxZXYDJJzzLZe6RssC', 'tiendaonline@gmail.com', '2022-07-07', '0123456789', 1);
INSERT INTO cuenta (contrasena, email, fecha_creacion, ci, enabled) VALUES	('$2a$10$.74HLgFMY1QrH6uBm3x0nOoOrRhVOqR5FdFjxZXYDJJzzLZe6RssC', 'jhonnatanbm@gmail.com', '2022-07-07', '0604536128', 1);
INSERT INTO cuenta (contrasena, email, fecha_creacion, ci, enabled) VALUES	('$2a$10$TWvoGBe2Q4sU60pe3C9BGuLQYSyp1JZX2GfJt0tguUeWuFpQbK802', 'ivonneBP@gmail.com', '2022-07-25', '1723117691', 1);
INSERT INTO cuenta (contrasena, email, fecha_creacion, ci, enabled) VALUES	('$2a$10$9RWABXSWpSYFoYR9xzRk1.Sn2dcM9pNEFlSyIUhd6mz1MvGdA43Hq', 'gatescc@hotmail.com', '2022-07-25', '1750262717', 1);

INSERT INTO cuenta_rol (id_rol, id_cuenta) VALUES (2, 1);
INSERT INTO cuenta_rol (id_rol, id_cuenta) VALUES (1, 2);
INSERT INTO cuenta_rol (id_rol, id_cuenta) VALUES (2, 3);
INSERT INTO cuenta_rol (id_rol, id_cuenta) VALUES (1, 4);

-- -------------------------------------------------------------------------- LIBROS

INSERT INTO `autor` (`id_autor`, `nombre`) VALUES	(1, 'Gabriel García Márquez'),	(2, 'J.R.R. Tolkien'),	(3, 'Hoover Colleen'),	(4, 'Madeline Miller'),	(5, 'John Katzenbach'),	(6, 'Lily del Pilar'),	(7, 'Frank Herbert'),	(8, 'Flor M. Salvador');

INSERT INTO `editorial` (`id_editorial`, `nombre`) VALUES	(1, 'Debolsillo'),	(2, 'Random House'),	(3, 'Minotauro'),	(4, 'Planeta'),	(5, 'Alianza Editorial'),	(6, 'Ediciones B'),	(7, 'Montena'),	(8, 'Cosmo Editorial');

INSERT INTO `genero` (`id_genero`, `nombre`) VALUES	(1, 'Latinoamericana'),	(2, 'Fantasía'),	(3, 'Romance'),	(4, 'Thriller'),	(5, 'Ciencia Ficción');

INSERT INTO `imagen` (`id`, `imagen_id`, `imagen_url`, `nombre`) VALUES (1, 'qhfyibfrx6atdgk2dxj9', 'http://res.cloudinary.com/drt1ea5my/image/upload/v1658952872/qhfyibfrx6atdgk2dxj9.jpg', '9789588886268'), (2, 'xwjjekfhefm1dswqt0lw', 'http://res.cloudinary.com/drt1ea5my/image/upload/v1658952936/xwjjekfhefm1dswqt0lw.jpg', '9789877690491'), (3, 'vuapeodxcuer8vufan6g', 'http://res.cloudinary.com/drt1ea5my/image/upload/v1658953132/vuapeodxcuer8vufan6g.jpg', '9789584242983'), (4, 'g42hrkms1p6yde5yjaea', 'http://res.cloudinary.com/drt1ea5my/image/upload/v1673456480/g42hrkms1p6yde5yjaea.jpg', '9786280003214'), (5, 'dizjk8ys8jgtizspmvga', 'http://res.cloudinary.com/drt1ea5my/image/upload/v1658953411/dizjk8ys8jgtizspmvga.png', '9788491814122'), (6, 'sbnnzkgkkolqsfmmrflr', 'http://res.cloudinary.com/drt1ea5my/image/upload/v1658953624/sbnnzkgkkolqsfmmrflr.jpg', '9788466664202'), (7, 'xmak13vj3apae7dwkcta', 'http://res.cloudinary.com/drt1ea5my/image/upload/v1658953909/xmak13vj3apae7dwkcta.jpg', '9788439735427'), (8, 'syqntsxou6sfblu6nddh', 'http://res.cloudinary.com/drt1ea5my/image/upload/v1673456500/syqntsxou6sfblu6nddh.jpg', '9788408254546'), (9, 'dsifbhf2881jytgsnn7o', 'http://res.cloudinary.com/drt1ea5my/image/upload/v1658954316/dsifbhf2881jytgsnn7o.jpg', '9789585579972'), (10, 'y9juvna5qsbrbnlgjahk', 'http://res.cloudinary.com/drt1ea5my/image/upload/v1658954467/y9juvna5qsbrbnlgjahk.jpg', '9789585155381'), (11, 'koecm6d1u7fmauhhzb2k', 'http://res.cloudinary.com/drt1ea5my/image/upload/v1658954577/koecm6d1u7fmauhhzb2k.jpg', '9789585155541'), (12, 'jrkodyqgyjuocayag09t', 'http://res.cloudinary.com/drt1ea5my/image/upload/v1658954710/jrkodyqgyjuocayag09t.jpg', '9789585191426');

INSERT INTO `libro` (`isbn`, `descripcion`, `fecha_stock`, `precio_unitario`, `stock`, `titulo`, `id`) VALUES ('9786280003214', 'Lily no siempre lo ha tenido fácil. Por eso, su idílica relación con un magnífico neurocirujano llamado Ryle Kincaid, parece demasiado buena para ser verdad. Cuando Atlas, su primer amor, reaparece repentinamente y Ryle comienza a mostrar su verdadera cara, todo lo que Lily ha construido con él se ve amenazado.', '2022-07-27', 18, 6, 'Romper el círculo', 4), ('9788408254546', 'El oficial Jong Sungguk pensó que esa tarde de lluvia sería como cualquier otra: más inspecciones de rutina en un vecindario de clase media de la ciudad de Daegu, Corea del Sur. Lo que nunca imaginó es que dentro de una casa aparentemente normal encontraría a una mujer muerta y a un chico, de nombre Moon Daehyun, encerrado en el ático. Y lo que menos podía esperar es que ese chico cambiaría su vida para siempre. Esta es una novela única e incatalogable. Una poderosa historia de amor y superación que mezcla lo mejor delthriller psicológico con elementos de ciencia ficción, que, desde su publicación enWattpad,ha conquistado el corazón de millones de lectores.', '2022-07-27', 17, 5, 'Still with you', 8), ('9788439735427', '«Era inevitable: el olor de las almendras amargas le recordaba siempre el destino de los amores contrariados.» Así empieza una de las historias de amor más maravillosas de la literatura universal. Un amor no correspondido durante medio siglo con un pueblecito portuario del Caribe como escenario. El Nobel de Literatura nos presenta la mágica relación entre Fermina Daza y Florentino Ariza como una mezcla tropical de plantas y arcilla, que el maestro moldea y con las que fantasea a su placer entre los territorios del mito y la leyenda. Los jugos, olores y sabores del trópico alimentan una prosa alucinatoria que se ha ganado el favor de miles de lectores en todo el mundo.', '2022-07-27', 25, 3, 'El amor en tiempos del colera', 7), ('9788466664202', 'Han pasado cinco años desde que el doctor Starks acabó con la pesadilla que casi le cuesta la vida y que arrasó con todo lo que había sido hasta entonces, descubriendole las facetas más oscuras del alma humana, tambien la suya. Desde entonces, ha logrado reconstruir su vida profesional y vuelve a ejercer de psicoanalista instalado en Miami y atendiendo a adolescentes con graves problemas psicológicos y tambien a pacientes adinerados de la sociedad de Florida. Sin embargo, una noche, cuando entra en su consulta, descubre tumbado en el diván a aquel al que había dado por muerto: Rumplestilskin ha vuelto y esta vez no busca acabar con el sino solicitar su ayuda. Por supuesto, no va a aceptar un no por respuesta.', '2022-07-27', 23, 9, 'Jaque al psicoanalista', 6), ('9788491814122', 'En el palacio de Helios, dios del sol y el más poderoso de los titanes, nace una niña. Pero Circe es una niña rara: carece de los poderes de su padre y de la agresiva capacidad de seducción de su madre. Cuando acude al mundo de los mortales en busca de compañía, descubre que sí posee un poder, el poder de la brujería, con el que puede transformar a sus rivales en monstruos y amenazar a los mismísimos dioses. Repleta de personajes de una intensidad inolvidable, con un estilo cautivador y un suspense apasionante, Circe es todo un logro narrativo, una embriagadora épica de las rivalidades familiares, las intrigas palaciegas, el amor y la pérdida, así como una celebración de una fuerza femenina indómita en un mundo de hombres.', '2022-07-27', 20, 6, 'CIRCE', 5), ('9789584242983', 'Smaug parecía profundamente dormido cuando Bilbo espió una vez más desde la entrada. ¡Pero fingía estar dormido! ¡Estaba vigilando la entrada del túnel! Sacado de su cómodo agujero-hobbit por Gandalf y una banda de enanos, Bilbo se encuentra de pronto en medio de una conspiración que pretende apoderarse del tesoro de Smaug el Magnífico, un enorme y muy peligroso dragón.', '2022-07-27', 26, 6, 'El Hobbit', 3), ('9789585155381', '¿Quién dijo que después de la tormenta sale el sol, cuando puede haber un rayo? Luke Howland, lleno de problemas y sumido en una desesperación profunda, y Hasley Weigel, tan despistada como optimista, no se ajustan al prototipo de pareja perfecta. Como si cada uno fuese un cielo, uno es tormenta y el otro, un día soleado: él es oscuridad. Ella, un rayo de sol. Y, sin embargo, juntos decidieron ponerle nombre a lo que habían creado: un boulevard teñido de tonos grisáceos y de azules celestes y eléctricos preparándose para la tormenta. Ella era para él y él era para ella.', '2022-07-27', 18, 6, 'Boulevard la version de la flor', 10), ('9789585155541', 'El primer amor no se olvida, solo se supera y se aprende a vivir con su recuerdo. Hasley debe seguir con su vida, pasar página y mirar hacia adelante. Cuando su madre le dice que es hora de continuar y dejar el pasado atrás, esas palabras se le clavan como puñales en el alma. Ella es joven y tiene todo el tiempo del mundo para rehacer su vida. Una vida que está llena de oportunidades, aunque todavía no pueda verlas. Todo cobra un nuevo sentido con la aparición de Harry Beckinsale, licenciado en Derecho y unos años mayor que ella. ¿Será esta la nueva oportunidad para que sus sueños con Luke puedan descansar junto a su memoria?', '2022-07-27', 17.5, 8, 'Boulevard después de él', 11), ('9789585191426', '¿Y si la leyenda del hilo rojo no solo te lleva a una persona? Quizás el hilo rojo te conecta a todas aquellas personas con las que estás destinada, con tus padres, hermanos, amigos, amantes e incluso tu mascota. Con todas aquellas personas que serán tu alegría, tristeza, risas y llanto. Aquellas que llenarán de color tus días grises y a las que tú harás sentirse vivas. Aquellas que sin las que tu vida sería Solo silencio...', '2022-07-27', 21, 4, 'Silence', 12), ('9789585579972', 'Dune relata la historia del planeta desértico Arrakis, única fuente de melange, la especia necesaria para el viaje interestelar y que además garantiza longevidad y poderes psíquicos. La administración de Arrakis es transferida por el emperador de la noble Casa de Harkonnen a la Casa Atreides. Los primeros no quieren abandonar sus privilegios, y a través de traiciones y sabotajes, destierran al joven duque Paul Atreides al duro entorno del planeta para que muera. Pero Paul podría resultar ser mucho más que un duque al que han usurpado su puesto... Su lucha se encuentra en el epicentro de un nexo de poderosas personas e importantes sucesos, y las repercusiones se dejarán sentir a través del Imperio.', '2022-07-27', 17, 6, 'Dune', 9), ('9789588886268', 'En el prólogo de estos Doce cuentos peregrinos, García Márquez nos regala su explicación de por qué doce, por qué cuentos y por qué peregrinos. En Barcelona, ??una prostituta que va entrando en la vejez entrena a su perro para llorar ante la tumba que ha escogido para sí misma. En Viena, una mujer se vale de su don de ver el futuro para convertirse en la adivina de una familia rica. En Ginebra, el conductor de una ambulancia y su esposa acogen al abandonado y aparentemente moribundo ex presidente de un país caribeño, solo para descubrir que sus ambiciones políticas siguen intactas. En estos doce relatos magistrales acerca de las vidas de latinoamericanos en Europa, García Márquez transmite la melancolía, tenacidad, pena y ambición que forma la experiencia del emigrante.', '2022-07-27', 12, 5, 'Doce cuentos peregrinos', 1), ('9789877690491', 'Gabriel García Márquez siempre recordaba cómo su abuela le transmitió la pasión por las historias contándole cuentos cuando era pequeño y vivía con ella. Estos seis relatos, unidos por la presencia de un niño, contienen todo el imaginario del gran autor colombiano. Una mujer y su hija llegan a un pueblo desierto para velar a un familiar difunto sin interrumpir la siesta de los habitantes. Un hombre con unas enormes alas de pájaro se precipita desde el cielo, asombrando a todo el vecindario. Dos niños consiguen inundar de luz la ciudad de Madrid. Y en Barcelona, una prostituta que va entrando en la vejez adiestra a su perro para llorar ante la tumba que ha escogido para sí misma. Estas conmovedoras historias están acompañadas por la obra de la pintora Carme Solé Vendrell, premio Nacional de Ilustración, que tiene el honor de ser la única persona que dio vida a los cuentos de García Márquez con el permiso del autor. Fieles a la magia de su prosa, las imágenes iluminan las delicadas reflexiones del premio Nobel sobre la infancia en estos relatos que tanto pequeños como mayores recordarán para siempre.', '2022-07-27', 26, 3, 'Cuentos', 2);

INSERT INTO `libros_autores` (`isbn`, `id_autor`) VALUES	('9789588886268', 1),	('9789877690491', 1),	('9789584242983', 2),	('9786280003214', 3),	('9788491814122', 4),	('9788466664202', 5),	('9788439735427', 1),	('9788408254546', 6),	('9789585579972', 7),	('9789585155381', 8),	('9789585155541', 8),	('9789585191426', 8);
INSERT INTO `libros_cuenta` (`id_cuenta`, `isbn`) VALUES	(1, '9786280003214'),	(1, '9788408254546'),	(1, '9788439735427'),	(1, '9788466664202'),	(1, '9788491814122'),	(1, '9789584242983'),	(1, '9789585155381'),	(1, '9789585155541'),	(1, '9789585191426'),	(1, '9789585579972'),	(1, '9789588886268'),	(1, '9789877690491');
INSERT INTO `libros_editoriales` (`isbn`, `id_editorial`) VALUES	('9789588886268', 1),	('9789877690491', 2),	('9789584242983', 3),	('9786280003214', 4),	('9788491814122', 5),	('9788466664202', 6),	('9788439735427', 2),	('9788408254546', 4),	('9789585579972', 1),	('9789585155381', 2),	('9789585155541', 7),	('9789585191426', 8);
INSERT INTO `libros_generos` (`isbn`, `id_genero`) VALUES	('9789588886268', 1),	('9789877690491', 1),	('9789584242983', 2),	('9786280003214', 3),	('9788491814122', 2),	('9788466664202', 4),	('9788439735427', 3),	('9788408254546', 3),	('9789585579972', 5),	('9789585155381', 3),	('9789585155541', 3),	('9789585191426', 3);

